AÑO,DISCHARGES,POPULATION_NAC,RATE_CRUDE_RAW,RATE_CRUDE
2014,216,8432153,2.561623348153194,2.562
2015,223,8576532,2.6001185560783777,2.6
2016,323,8721014,3.703697758081801,3.704
2017,319,8866351,3.5978724505718302,3.598
2018,280,9012229,3.106889538647986,3.107
2019,331,9158345,3.6141901184111322,3.614
2020,203,9304380,2.181768156502636,2.182
2021,99,9450711,1.047540232687255,1.048
2022,84,9597739,0.8752061292769058,0.875
2023,128,9745149,1.3134740166620336,1.313
2024,282,9892632,2.8506063906956207,2.851
