AÑO,DIAGNOSIS_GROUP,DISCHARGES,POPULATION_NAC,RATE_CRUDE
2014,B15,146,8432153,1.731
2015,B15,139,8576532,1.621
2016,B15,204,8721014,2.339
2017,B15,217,8866351,2.447
2018,B15,200,9012229,2.219
2019,B15,219,9158345,2.391
2020,B15,149,9304380,1.601
2021,B15,63,9450711,0.667
2022,B15,33,9597739,0.344
2023,B15,39,9745149,0.4
2024,B15,46,9892632,0.465
2014,B16,18,8432153,0.213
2015,B16,23,8576532,0.268
2016,B16,20,8721014,0.229
2017,B16,19,8866351,0.214
2018,B16,25,9012229,0.277
2019,B16,12,9158345,0.131
2020,B16,12,9304380,0.129
2021,B16,12,9450711,0.127
2022,B16,14,9597739,0.146
2023,B16,15,9745149,0.154
2024,B16,19,9892632,0.192
2014,B17,8,8432153,0.095
2015,B17,8,8576532,0.093
2016,B17,4,8721014,0.046
2017,B17,5,8866351,0.056
2018,B17,4,9012229,0.044
2019,B17,7,9158345,0.076
2020,B17,7,9304380,0.075
2021,B17,5,9450711,0.053
2022,B17,7,9597739,0.073
2023,B17,8,9745149,0.082
2024,B17,89,9892632,0.9
2014,B18,5,8432153,0.059
2015,B18,10,8576532,0.117
2016,B18,6,8721014,0.069
2017,B18,6,8866351,0.068
2018,B18,4,9012229,0.044
2019,B18,14,9158345,0.153
2020,B18,3,9304380,0.032
2021,B18,4,9450711,0.042
2022,B18,2,9597739,0.021
2023,B18,1,9745149,0.01
2024,B18,12,9892632,0.121
2014,B19,39,8432153,0.463
2015,B19,43,8576532,0.501
2016,B19,89,8721014,1.021
2017,B19,72,8866351,0.812
2018,B19,47,9012229,0.522
2019,B19,79,9158345,0.863
2020,B19,32,9304380,0.344
2021,B19,15,9450711,0.159
2022,B19,28,9597739,0.292
2023,B19,65,9745149,0.667
2024,B19,116,9892632,1.173
