DEPT,OBSERVED,PERSON_YEARS,EXPECTED,SDR,CI_LOW,CI_HIGH,PROFILE
Lempira,183,3935252,97.17323997626573,1.88,1.62,2.18,Above expected
Valle,71,2062219,50.92240643562718,1.39,1.09,1.76,Above expected
Francisco Morazán,619,18158659,448.3920543472635,1.38,1.27,1.49,Above expected
Copán,142,4475622,110.51660494653312,1.28,1.08,1.51,Above expected
Atlántida,157,5268582,130.09717878820317,1.21,1.03,1.41,Above expected
Colón,112,3742217,92.4066236633032,1.21,1,1.46,Within expected
Islas de la Bahía,24,804931,19.87617393430854,1.21,0.77,1.8,Within expected
El Paraíso,153,5369898,132.59897638119983,1.15,0.98,1.35,Within expected
Choluteca,127,5167152,127.59256619140055,1,0.83,1.18,Within expected
Olancho,153,6273942,154.92254919460623,0.99,0.84,1.16,Within expected
La Paz,58,2429335,59.987607639292605,0.97,0.73,1.25,Within expected
Comayagua,144,6076198,150.0396534700461,0.96,0.81,1.13,Within expected
Santa Bárbara,110,5088391,125.64771957070874,0.88,0.72,1.06,Within expected
Intibucá,58,2863674,70.7127474468707,0.82,0.62,1.06,Within expected
Yoro,117,6837818,168.84634819524376,0.69,0.57,0.83,Below expected
Ocotepeque,29,1790438,44.21131389721046,0.66,0.44,0.94,Below expected
Gracias a Dios,18,1125667,27.796113063245535,0.65,0.38,1.02,Within expected
Cortés,213,19287240,476.26012285867114,0.45,0.39,0.51,Below expected
